{
    "loss": [
        4352864.388477258,
        122794.4352865326,
        77695.45231621704,
        56978.84937951355,
        45081.30645907593,
        38000.87041548309,
        32766.49367458801,
        29253.049447265625,
        26240.753227911377,
        24133.246967063904,
        22160.835034632873,
        20951.992890908812,
        19567.550592857646,
        18405.910117887877,
        17407.727546958922,
        16821.904355270384,
        15838.015333114625,
        15369.186302990724,
        14730.14774425354,
        14182.114334627533,
        13559.261322303391,
        13210.139413554381,
        12928.72908687172,
        12564.65722034607,
        12202.668555377197,
        11810.848913256074,
        11435.312034809494,
        11199.848659539413,
        10927.291734555436,
        10669.39735684204,
        10392.529416732788,
        10121.556202785492,
        9888.832440838623,
        9596.756468774414,
        9483.532695759583,
        9374.68680895462,
        9175.531326470948,
        9053.241511528015,
        8786.825486540985,
        8707.607972088814,
        8577.666756641387,
        8321.89968126831,
        8161.63556807251,
        8096.085134194183,
        7967.946496776963,
        7841.916409190941,
        7696.7174573143,
        7618.27817462616,
        7568.344113561248,
        7500.242837356949,
        7433.896159337616,
        7306.72380706997,
        7315.374335961914,
        7229.831079286957,
        7127.07882578392,
        7056.719423806762,
        6969.19748196907,
        6957.961189238357,
        6911.897532316971,
        6824.234465228272,
        6785.713447662353,
        6676.287741345977,
        6609.111790278625,
        6615.005892616272,
        6598.148112442779,
        6542.3727134895325,
        6411.013155999946,
        6345.362869515609,
        6294.695753298187,
        6214.993006742859,
        6192.94080944252,
        6134.065620459747,
        6158.795425882339,
        6056.911768029404,
        6021.0139818544385,
        5956.9177077163695,
        5944.846334254837,
        5898.312401990128,
        5788.720064475631,
        5838.000909527397,
        5767.076954037094,
        5695.294210317993,
        5700.32653086853,
        5631.944551083756,
        5626.201218769455,
        5542.938551578331,
        5534.40706137085
    ],
    "val_mean_absolute_error": [],
    "val_loss": [],
    "mean_absolute_error": [
        712.2180294521331,
        214.1792126677513,
        171.72980214004517,
        147.66727199192047,
        131.6398674864769,
        121.01792277793885,
        113.02487454090118,
        106.933293968153,
        101.25909281873703,
        97.65713896107674,
        94.03269867591858,
        91.90917200603485,
        88.43816591234207,
        86.2117024860382,
        84.0051997484684,
        82.38539137501716,
        80.24645390186309,
        79.13735694961548,
        77.26687375507355,
        76.20994390997886,
        74.51939074046612,
        73.63530855078697,
        72.81215306148529,
        71.9566045788765,
        70.88295485396385,
        69.60178376593589,
        68.48603316371441,
        67.84565541553498,
        67.14592640476226,
        66.45542485346795,
        65.76056128706932,
        64.80563589138984,
        64.07154110751152,
        63.07411567959785,
        62.67300432677269,
        62.55938971033096,
        61.3631484647274,
        61.13907918558121,
        60.44101304740906,
        60.05094835829735,
        59.659076672649384,
        58.82638134775162,
        58.129720416927334,
        58.04240334191322,
        57.631193863511086,
        57.1492186511755,
        56.484861749505995,
        56.442083861827854,
        56.18554854397774,
        55.797250453329085,
        55.7113339761734,
        55.165620140063766,
        55.25978259549141,
        54.8379683441639,
        54.44281388473511,
        54.34104700016975,
        53.914331854104994,
        53.69116641790867,
        53.60337774558067,
        53.199950519013406,
        53.14538566913605,
        52.628322100639345,
        52.45414421749115,
        52.627073713588715,
        52.445465734577176,
        52.16090402283668,
        51.734248734378816,
        51.395608843946455,
        51.17603179240227,
        50.886486145734786,
        50.65489096159935,
        50.4016890130043,
        50.516442065238955,
        50.18172449502945,
        50.03099215993881,
        49.8027765083313,
        49.64601520781517,
        49.45300116033554,
        49.1892880218029,
        49.15781988015175,
        49.107262474155426,
        48.75224043688774,
        48.869435208153725,
        48.4855835398674,
        48.38306092886925,
        48.14717007341385,
        48.1322615003109
    ],
    "epoch": [
        0,
        1,
        2,
        3,
        4,
        5,
        6,
        7,
        8,
        9,
        10,
        11,
        12,
        13,
        14,
        15,
        16,
        17,
        18,
        19,
        20,
        21,
        22,
        23,
        24,
        25,
        26,
        27,
        28,
        29,
        30,
        31,
        32,
        33,
        34,
        35,
        36,
        37,
        38,
        39,
        40,
        41,
        42,
        43,
        44,
        45,
        46,
        47,
        48,
        49,
        50,
        51,
        52,
        53,
        54,
        55,
        56,
        57,
        58,
        59,
        60,
        61,
        62,
        63,
        64,
        65,
        66,
        67,
        68,
        69,
        70,
        71,
        72,
        73,
        74,
        75,
        76,
        77,
        78,
        79,
        80,
        81,
        82,
        83,
        84,
        85,
        86
    ]
}