{
    "mean_absolute_error": [
        1050.8004241780473,
        159.5274640945244,
        135.13583347377778,
        123.55821384365082,
        116.18404672550201,
        110.59795449150086,
        106.12992520505905,
        102.23909019849778,
        98.77820709222793,
        95.90176793804169,
        93.22911816713334,
        90.84711803925514
    ],
    "val_loss": [
        42492.32497773437,
        25302.446019453124,
        16292.943846191407,
        36185.912069785154,
        11492.970974848633,
        11628.752822841798,
        33876.39528734375,
        9636.112874233399,
        14624.894714492188,
        12096.02389180664,
        6544.817967182617,
        5982.051634313965
    ],
    "epoch": [
        0,
        1,
        2,
        3,
        4,
        5,
        6,
        7,
        8,
        9,
        10,
        11
    ],
    "loss": [
        5167574.841891831,
        41948.397417119144,
        30281.968260053713,
        25330.967922730713,
        22372.64090385742,
        20319.837026791993,
        18758.819371032714,
        17437.749530336914,
        16325.161319017945,
        15403.056497653199,
        14572.897143024902,
        13853.759407468262
    ],
    "val_mean_absolute_error": [
        162.0557675315857,
        125.01553070610046,
        99.39061205688476,
        154.8788196658325,
        84.66817047424317,
        84.81082832450866,
        151.5062128123474,
        77.7943125453949,
        95.83178079071045,
        88.66020002746582,
        64.64458364273071,
        60.930671008033755
    ]
}