{
    "epoch": [
        0,
        1,
        2,
        3
    ],
    "val_loss": [],
    "val_mean_absolute_error": [],
    "loss": [
        2252911.182569978,
        47191.466170327185,
        28141.346400532053,
        20715.061639195836
    ],
    "mean_absolute_error": [
        424.93765888620845,
        132.1187632214722,
        102.65776649045569,
        89.05102010403549
    ]
}