{
    "epoch": [
        0,
        1,
        2,
        3,
        4,
        5,
        6,
        7,
        8,
        9,
        10,
        11,
        12,
        13,
        14,
        15,
        16,
        17,
        18,
        19,
        20,
        21,
        22,
        23,
        24,
        25,
        26,
        27,
        28,
        29,
        30,
        31,
        32,
        33,
        34,
        35,
        36,
        37,
        38,
        39,
        40,
        41,
        42,
        43,
        44,
        45,
        46,
        47,
        48,
        49,
        50,
        51,
        52,
        53,
        54,
        55,
        56,
        57,
        58,
        59,
        60,
        61,
        62,
        63,
        64,
        65,
        66,
        67,
        68,
        69,
        70,
        71,
        72,
        73,
        74,
        75,
        76,
        77,
        78,
        79,
        80,
        81,
        82,
        83,
        84,
        85,
        86,
        87,
        88,
        89,
        90,
        91,
        92,
        93,
        94,
        95,
        96,
        97,
        98,
        99,
        100,
        101,
        102,
        103,
        104,
        105,
        106,
        107,
        108,
        109,
        110,
        111,
        112,
        113,
        114,
        115,
        116,
        117,
        118,
        119,
        120,
        121,
        122,
        123,
        124,
        125,
        126,
        127,
        128,
        129,
        130,
        131,
        132,
        133,
        134,
        135,
        136,
        137,
        138,
        139,
        140,
        141,
        142,
        143,
        144,
        145,
        146,
        147,
        148,
        149,
        150,
        151
    ],
    "val_loss": [
        17790679.800596718,
        15093712.13169236,
        4202912.034062656,
        750478.6489567794,
        240637.23940980856,
        134391.7240891244,
        87735.69911709556,
        72326.6000564603,
        44661.69998601442,
        37212.37874891223,
        40239.225176891676,
        28880.958420095725,
        29179.509834905417,
        30634.622603027103,
        30180.504221896754,
        23605.608109499317,
        20877.089725422935,
        24573.38324436951,
        18307.32720946254,
        17995.74913577537,
        42288.228604653574,
        15982.225958724412,
        15565.83239618621,
        16659.53359533633,
        18431.580582188588,
        35299.25592282809,
        18596.722937742157,
        17388.44519983839,
        19046.9869215409,
        12990.708892675571,
        12792.144834432755,
        14131.28832064919,
        25204.560259069905,
        15098.960335585918,
        19198.707625313382,
        17836.327711259946,
        21330.850442034953,
        21108.75809512525,
        10235.189416137675,
        16221.218761169039,
        24751.923566542868,
        15208.447357729105,
        19062.538003383732,
        8641.017615678871,
        32213.373795362484,
        13804.51645183263,
        10122.28368630734,
        15484.415790301779,
        11645.827070497033,
        19267.44251052803,
        8697.857522315417,
        12387.939715840223,
        22831.906060935686,
        10144.02192280025,
        16757.954922405934,
        15215.587192155384,
        23944.064875929784,
        8059.137796643202,
        21945.920940361862,
        7865.785542553068,
        8164.057872699502,
        7191.974254717543,
        9856.990035274739,
        8215.467048340248,
        12749.416625066044,
        17729.98067853369,
        13574.258843450863,
        12236.208147830162,
        18150.732613529235,
        10410.46673487874,
        17374.413831187583,
        20894.310241587933,
        10475.002401019652,
        11043.877058502456,
        26564.42895746571,
        15611.872821066167,
        20180.856565905746,
        6495.75989584952,
        15350.54782792946,
        9306.93976869082,
        6559.189417918246,
        9150.809843387411,
        16776.983756170488,
        8659.588193969625,
        16231.706218500072,
        11670.972050855711,
        19215.003407689997,
        7971.924826459032,
        14243.984412553871,
        9906.034253419344,
        6360.197102055233,
        8187.528100897537,
        10599.699660574523,
        5914.415739312686,
        9953.38591555041,
        9951.864690734164,
        20831.685773655052,
        14872.36930217139,
        6787.1496640304495,
        5065.381538015524,
        11427.796069857968,
        4837.453892426291,
        10760.725576063422,
        5040.675226480594,
        9028.640836726132,
        6270.635005597469,
        6416.010855132384,
        8051.7828879638555,
        18220.940140749317,
        5874.839334263763,
        7857.810809104612,
        19764.37596328915,
        11746.81329219242,
        21736.441223822363,
        12739.858168743784,
        4816.241850891062,
        5013.47159341072,
        14819.905529839787,
        5911.456284178878,
        6886.426296239822,
        5349.634201507593,
        6653.7082702849175,
        4692.3490743132825,
        8314.093107132774,
        15996.233489246644,
        17547.37586471024,
        4683.297245075587,
        5764.194842671945,
        7863.500272832106,
        17428.425834181533,
        7104.835766241402,
        9915.45950203568,
        8637.66641795321,
        20621.417888786156,
        6313.374887662129,
        18613.227204800678,
        5468.8727111563485,
        4324.530799474958,
        4511.986399631131,
        4490.916734287914,
        6870.176725033799,
        8422.266525888213,
        20822.62885445156,
        4481.099757728975,
        10267.349644581753,
        7960.401888247451,
        3905.379637822057,
        4958.9344439930965,
        7528.518706440747,
        11757.95826712845,
        7691.029616163833,
        4470.574958334629
    ],