{
    "mean_absolute_error": [
        1050.8004241780473,
        159.5274640945244,
        135.13583347377778,
        123.55821384365082
    ],
    "val_loss": [
        42492.32497773437,
        25302.446019453124,
        16292.943846191407,
        36185.912069785154
    ],
    "epoch": [
        0,
        1,
        2,
        3
    ],
    "loss": [
        5167574.841891831,
        41948.397417119144,
        30281.968260053713,
        25330.967922730713
    ],
    "val_mean_absolute_error": [
        162.0557675315857,
        125.01553070610046,
        99.39061205688476,
        154.8788196658325
    ]
}