{
    "loss": [
        149467.388510796,
        4676.878809485595,
        3533.8287328969727
    ],
    "val_loss": [],
    "epoch": [
        0,
        1,
        2
    ],
    "mean_absolute_error": [
        87.7682375251007,
        43.76324980689621,
        38.26542006590271
    ],
    "val_mean_absolute_error": []
}