{
    "epoch": [
        0,
        1,
        2,
        3,
        4,
        5,
        6,
        7,
        8,
        9,
        10,
        11,
        12,
        13,
        14,
        15,
        16,
        17,
        18,
        19
    ],
    "val_loss": [],
    "val_mean_absolute_error": [],
    "loss": [
        5017775.824110937,
        121497.70850634766,
        73397.89727803956,
        53537.111308917236,
        42195.21757763672,
        35428.69098793335,
        30849.962392080688,
        27697.73960187683,
        25083.9719786438,
        23272.553209051515,
        21423.17352053833,
        19877.74324042969,
        18840.385769555665,
        17763.567216522217,
        16637.907887927246,
        16043.7246131958,
        15221.701491217042,
        14621.516250177003,
        13988.588459915161,
        13495.398515496827
    ],
    "mean_absolute_error": [
        803.3018405036926,
        229.62805435619353,
        179.13075159988404,
        154.00049089298247,
        137.15851651878356,
        126.0996973329544,
        117.80205222702027,
        111.71224439411164,
        106.85018892765045,
        103.19767981338501,
        99.28206016016007,
        95.94516191644668,
        93.23614632253647,
        90.91164398918151,
        88.44889022130967,
        86.44216686134338,
        84.31502230710983,
        83.01595112838746,
        81.24923715143204,
        79.88757534914016
    ]
}